Grec;Prononciation;English
θέλω;thélo;I want
γιατί;yatí;why / because
ξέρω;kséro;I know
θέλω να ξέρω;thélo na kséro;I want to know
έχω;ého;I have
κάνω;káno;I do / I make
τι κάνεις;ti kánis;How are you? / What are you doing?
προσέχω;prosého;I pay attention / I take care
προσέχεις;proséhis;you pay attention / take care
είναι;íne;he / she / it is
προσπαθώ;prospathó;I try
μπορώ;boró;I can
δεν μπορώ;den boró;I can't
μπορεί;borí;he / she / it can / maybe
βλέπω;vlépo;I see
κι εγώ;ki egó;me too
αυτό;aftó;this / that (neuter)
αυτό το πρόβλημα;aftó to próvlima;this problem
αυτό το κινητό;aftó to kinitó;this phone
αυτός;aftós;he / this one (masculine)
από;apó;from / since
να... ?;na... ?;should I...? / may I...?
να... !;na... !;let's...!
να περιμένω;na periméno;Should I wait?
τι να κάνουμε;ti na kánoume;What should we do? / What shall we do?
να σε περιμένουμε στο αυτοκίνητο;na se periménoume sto aftokínito;Should we wait for you in the car? / Let's wait for you in the car!
σε;se;to / at / in / you (depending on context)
στο;sto;in the / at the (neuter singular)
σε αυτό το αυτοκίνητο;se aftó to aftokínito;in this car
πού να σε περιμένουμε;poú na se periménoume;Where should we wait for you?
εσύ;esí;you (emphatic)
είμαι;íme;I am
είσαι;íse;you are
δρόμος;drómos;street / road
ποταμός;potamós;river
ο άντρας;o ándras;the man / the husband
αυτός σε βλέπει;aftós se vlépi;he sees you
δεν σε περιμένει κι αυτός;den se periméni ki aftós;Isn't he waiting for you too?
είσαι καλά;íse kalá;Are you okay?
να είσαι καλά;na íse kalá;Be well! / Thank you!
θέλεις να σε περιμένουμε εδώ;thélis na se periménoume edó;Do you want us to wait for you here?
μετά;metá;after / later
το κάνω;to káno;I do it
να το κάνουμε;na to kánoume;Let's do it
τι να κάνουμε μετά;ti na kánoume metá;What should we do next?
το κάνουμε μετά;to kánoume metá;We'll do it later
η μέρα;i méra;day
καλός;kalós;good (masculine)
καλή;kalí;good (feminine)
καλημέρα;kaliméra;good morning
σήμερα;símera;today
εκεί;ekí;there
κάτι;káti;something
απ' το;ap' to;from the / out of the
πάλι;páli;again
για παράδειγμα;ya parádigma;for example
πράγμα;prágma;thing
γι' αυτό;yi aftó;that's why / for that reason
για;ya;for
ο λαός;o laós;the people / the nation
κάτω;káto;down / downstairs
είμαι κάτω;íme káto;I'm downstairs / I'm down
κατεβαίνω;katevéno;I go down / I come down
καταλαβαίνω;katalavéno;I understand
λαμβάνω;lamváno;I receive
εμείς;emís;we / us
πίνω;píno;I drink
καταπίνω;katapíno;I swallow
φέρνω;férno;I bring
καταφέρνω;kataférno;I manage / I succeed
